Energy (keV),Counts (#)
0,22.0
5,24.0
10,21.0
15,19.0
20,18.0
25,25.0
30,21.0
35,18.0
40,29.0
45,23.0
50,26.0
55,19.0
60,21.0
65,23.0
70,19.0
75,16.0
80,17.0
85,23.0
90,21.0
95,22.0
100,26.0
105,18.0
110,23.0
115,19.0
120,19.0
125,16.0
130,18.0
135,15.0
140,20.0
145,22.0
150,20.0
155,21.0
160,21.0
165,17.0
170,22.0
175,15.0
180,16.0
185,16.0
190,19.0
195,15.0
200,22.0
205,20.0
210,18.0
215,20.0
220,20.0
225,19.0
230,15.0
235,22.0
240,22.0
245,22.0
250,19.0
255,16.0
260,14.0
265,20.0
270,23.0
275,18.0
280,24.0
285,16.0
290,19.0
295,17.0
300,21.0
305,15.0
310,18.0
315,17.0
320,15.0
325,27.0
330,19.0
335,26.0
340,16.0
345,17.0
350,21.0
355,21.0
360,20.0
365,18.0
370,25.0
375,17.0
380,27.0
385,24.0
390,22.0
395,25.0
400,18.0
405,22.0
410,20.0
415,25.0
420,19.0
425,21.0
430,21.0
435,22.0
440,16.0
445,22.0
450,21.0
455,19.0
460,20.0
465,16.0
470,27.0
475,11.0
480,16.0
485,21.0
490,17.0
495,24.0
500,19.0
505,25.0
510,14.0
515,15.0
520,25.0
525,21.0
530,18.0
535,23.0
540,22.0
545,17.0
550,22.0
555,20.0
560,22.0
565,21.0
570,20.0
575,21.0
580,24.0
585,20.0
590,20.0
595,20.0
600,17.0
605,23.0
610,24.0
615,19.0
620,19.0
625,22.0
630,21.0
635,19.0
640,16.0
645,16.0
650,16.0
655,21.0
660,19.0
665,14.0
670,25.0
675,16.0
680,19.0
685,20.0
690,20.0
695,20.0
700,18.0
705,20.0
710,16.0
715,20.0
720,23.0
725,19.0
730,19.0
735,22.0
740,23.0
745,24.0
750,20.0
755,24.0
760,22.0
765,22.0
770,22.0
775,18.0
780,26.0
785,14.0
790,19.0
795,22.0
800,17.0
805,20.0
810,15.0
815,26.0
820,19.0
825,21.0
830,23.0
835,15.0
840,16.0
845,23.0
850,21.0
855,20.0
860,18.0
865,19.0
870,22.0
875,23.0
880,18.0
885,19.0
890,22.0
895,19.0
900,22.0
905,24.0
910,22.0
915,18.0
920,15.0
925,23.0
930,18.0
935,16.0
940,19.0
945,25.0
950,28.0
955,20.0
960,19.0
965,21.0
970,18.0
975,20.0
980,24.0
985,21.0
990,24.0
995,22.0
1000,21.0
1005,19.0
1010,26.0
1015,17.0
1020,28.0
1025,17.0
1030,21.0
1035,17.0
1040,20.0
1045,26.0
1050,27.0
1055,14.0
1060,18.0
1065,19.0
1070,23.0
1075,18.0
1080,20.0
1085,25.0
1090,19.0
1095,22.0
1100,21.0
1105,18.0
1110,22.0
1115,28.0
1120,16.0
1125,16.0
1130,27.0
1135,19.0
1140,22.0
1145,21.0
1150,21.0
1155,27.0
1160,20.0
1165,23.0
1170,22.0
1175,20.0
1180,24.0
1185,17.0
1190,20.0
1195,17.0
1200,20.0
1205,22.0
1210,16.0
1215,23.0
1220,18.0
1225,24.0
1230,21.0
1235,20.0
1240,18.0
1245,28.0
1250,23.0
1255,18.0
1260,18.0
1265,19.0
1270,21.0
1275,18.0
1280,25.0
1285,20.0
1290,13.0
1295,18.0
1300,22.0
1305,23.0
1310,15.0
1315,23.0
1320,25.0
1325,18.0
1330,26.0
1335,19.0
1340,15.0
1345,26.0
1350,18.0
1355,15.0
1360,18.0
1365,21.0
1370,20.0
1375,20.0
1380,24.0
1385,23.0
1390,20.0
1395,19.0
1400,22.0
1405,19.0
1410,22.0
1415,17.0
1420,16.0
1425,19.0
1430,23.0
1435,22.0
1440,17.0
1445,22.0
1450,18.0
1455,18.0
1460,20.0
1465,24.0
1470,20.0
1475,22.0
1480,18.0
1485,24.0
1490,22.0
1495,12.0
1500,22.0
1505,24.0
1510,24.0
1515,20.0
1520,13.0
1525,15.0
1530,18.0
1535,18.0
1540,24.0
1545,18.0
1550,15.0
1555,17.0
1560,17.0
1565,22.0
1570,25.0
1575,18.0
1580,21.0
1585,24.0
1590,24.0
1595,19.0
1600,21.0
1605,18.0
1610,20.0
1615,23.0
1620,20.0
1625,18.0
1630,18.0
1635,21.0
1640,15.0
1645,16.0
1650,17.0
1655,27.0
1660,19.0
1665,21.0
1670,22.0
1675,23.0
1680,19.0
1685,22.0
1690,22.0
1695,19.0
1700,20.0
1705,18.0
1710,21.0
1715,18.0
1720,17.0
1725,22.0
1730,20.0
1735,21.0
1740,19.0
1745,21.0
1750,19.0
1755,19.0
1760,18.0
1765,22.0
1770,16.0
1775,16.0
1780,19.0
1785,16.0
1790,22.0
1795,17.0
1800,24.0
1805,20.0
1810,20.0
1815,19.0
1820,17.0
1825,23.0
1830,19.0
1835,25.0
1840,16.0
1845,22.0
1850,24.0
1855,16.0
1860,19.0
1865,22.0
1870,15.0
1875,17.0
1880,18.0
1885,19.0
1890,23.0
1895,22.0
1900,22.0
1905,17.0
1910,17.0
1915,25.0
1920,16.0
1925,16.0
1930,17.0
1935,22.0
1940,20.0
1945,27.0
1950,25.0
1955,26.0
1960,23.0
1965,22.0
1970,24.0
1975,24.0
1980,19.0
1985,19.0
1990,24.0
1995,18.0
2000,22.0
2005,18.0
2010,20.0
2015,21.0
2020,21.0
2025,18.0
2030,21.0
2035,23.0
2040,18.0
2045,20.0
2050,22.0
2055,27.0
2060,18.0
2065,19.0
2070,21.0
2075,14.0
2080,21.0
2085,23.0
2090,20.0
2095,19.0
2100,22.0
2105,20.0
2110,21.0
2115,21.0
2120,19.0
2125,16.0
2130,18.0
2135,16.0
2140,21.0
2145,21.0
2150,20.0
2155,21.0
2160,21.0
2165,21.0
2170,20.0
2175,22.0
2180,15.0
2185,24.0
2190,24.0
2195,15.0
2200,22.0
2205,18.0
2210,17.0
2215,20.0
2220,24.0
2225,19.0
2230,19.0
2235,18.0
2240,19.0
2245,17.0
2250,24.0
2255,24.0
2260,16.0
2265,19.0
2270,19.0
2275,16.0
2280,16.0
2285,16.0
2290,21.0
2295,19.0
2300,16.0
2305,21.0
2310,21.0
2315,18.0
2320,19.0
2325,24.0
2330,23.0
2335,22.0
2340,22.0
2345,21.0
2350,20.0
2355,20.0
2360,18.0
2365,22.0
2370,21.0
2375,19.0
2380,20.0
2385,16.0
2390,22.0
2395,25.0
2400,16.0
2405,17.0
2410,19.0
2415,23.0
2420,21.0
2425,21.0
2430,23.0
2435,18.0
2440,24.0
2445,17.0
2450,20.0
2455,18.0
2460,19.0
2465,18.0
2470,18.0
2475,15.0
2480,15.0
2485,18.0
2490,20.0
2495,17.0
2500,19.0
2505,21.0
2510,17.0
2515,21.0
2520,23.0
2525,18.0
2530,16.0
2535,20.0
2540,21.0
2545,23.0
2550,17.0
2555,20.0
2560,21.0
2565,15.0
2570,18.0
2575,22.0
2580,19.0
2585,16.0
2590,14.0
2595,20.0
2600,27.0
2605,18.0
2610,23.0
2615,29.0
2620,38.0
2625,39.0
2630,48.0
2635,43.0
2640,46.0
2645,36.0
2650,33.0
2655,20.0
2660,23.0
2665,22.0
2670,20.0
2675,21.0
2680,20.0
2685,17.0
2690,16.0
2695,15.0
2700,23.0
2705,20.0
2710,24.0
2715,27.0
2720,20.0
2725,27.0
2730,24.0
2735,20.0
2740,19.0
2745,16.0
2750,24.0
2755,21.0
2760,14.0
2765,20.0
2770,18.0
2775,20.0
2780,26.0
2785,24.0
2790,30.0
2795,30.0
2800,30.0
2805,33.0
2810,31.0
2815,28.0
2820,33.0
2825,25.0
2830,24.0
2835,20.0
2840,17.0
2845,22.0
2850,23.0
2855,17.0
2860,14.0
2865,17.0
2870,25.0
2875,18.0
2880,18.0
2885,18.0
2890,18.0
2895,13.0
2900,17.0
2905,21.0
2910,24.0
2915,18.0
2920,19.0
2925,20.0
2930,19.0
2935,22.0
2940,32.0
2945,38.0
2950,76.0
2955,123.0
2960,207.0
2965,333.0
2970,455.0
2975,581.0
2980,652.0
2985,666.0
2990,610.0
2995,500.0
3000,372.0
3005,256.0
3010,155.0
3015,89.0
3020,50.0
3025,37.0
3030,17.0
3035,21.0
3040,28.0
3045,19.0
3050,20.0
3055,21.0
3060,22.0
3065,16.0
3070,22.0
3075,17.0
3080,20.0
3085,24.0
3090,19.0
3095,22.0
3100,20.0
3105,25.0
3110,31.0
3115,42.0
3120,66.0
3125,104.0
3130,156.0
3135,214.0
3140,280.0
3145,320.0
3150,342.0
3155,333.0
3160,296.0
3165,235.0
3170,174.0
3175,124.0
3180,89.0
3185,65.0
3190,48.0
3195,44.0
3200,42.0
3205,44.0
3210,43.0
3215,49.0
3220,53.0
3225,44.0
3230,46.0
3235,52.0
3240,50.0
3245,46.0
3250,45.0
3255,29.0
3260,34.0
3265,27.0
3270,18.0
3275,23.0
3280,28.0
3285,22.0
3290,23.0
3295,20.0
3300,18.0
3305,25.0
3310,24.0
3315,29.0
3320,33.0
3325,50.0
3330,57.0
3335,68.0
3340,82.0
3345,84.0
3350,86.0
3355,80.0
3360,75.0
3365,60.0
3370,45.0
3375,42.0
3380,32.0
3385,27.0
3390,24.0
3395,23.0
3400,17.0
3405,24.0
3410,25.0
3415,14.0
3420,18.0
3425,20.0
3430,16.0
3435,23.0
3440,24.0
3445,22.0
3450,25.0
3455,12.0
3460,16.0
3465,20.0
3470,23.0
3475,23.0
3480,25.0
3485,27.0
3490,31.0
3495,35.0
3500,35.0
3505,43.0
3510,51.0
3515,50.0
3520,47.0
3525,48.0
3530,51.0
3535,34.0
3540,42.0
3545,31.0
3550,25.0
3555,18.0
3560,20.0
3565,22.0
3570,25.0
3575,24.0
3580,20.0
3585,22.0
3590,18.0
3595,20.0
3600,15.0
3605,15.0
3610,13.0
3615,20.0
3620,20.0
3625,18.0
3630,18.0
3635,17.0
3640,19.0
3645,16.0
3650,25.0
3655,15.0
3660,20.0
3665,20.0
3670,22.0
3675,21.0
3680,20.0
3685,12.0
3690,15.0
3695,16.0
3700,17.0
3705,29.0
3710,18.0
3715,20.0
3720,25.0
3725,20.0
3730,25.0
3735,25.0
3740,31.0
3745,32.0
3750,25.0
3755,25.0
3760,23.0
3765,25.0
3770,23.0
3775,22.0
3780,32.0
3785,24.0
3790,24.0
3795,23.0
3800,20.0
3805,14.0
3810,26.0
3815,21.0
3820,17.0
3825,23.0
3830,24.0
3835,22.0
3840,15.0
3845,19.0
3850,20.0
3855,18.0
3860,22.0
3865,16.0
3870,25.0
3875,16.0
3880,20.0
3885,17.0
3890,20.0
3895,17.0
3900,20.0
3905,23.0
3910,20.0
3915,22.0
3920,19.0
3925,16.0
3930,26.0
3935,22.0
3940,19.0
3945,19.0
3950,21.0
3955,24.0
3960,17.0
3965,16.0
3970,24.0
3975,21.0
3980,21.0
3985,18.0
3990,22.0
3995,21.0
4000,23.0
4005,21.0
4010,14.0
4015,17.0
4020,24.0
4025,22.0
4030,26.0
4035,21.0
4040,18.0
4045,17.0
4050,22.0
4055,14.0
4060,19.0
4065,29.0
4070,21.0
4075,21.0
4080,17.0
4085,18.0
4090,19.0
4095,19.0
4100,23.0
4105,17.0
4110,17.0
4115,20.0
4120,23.0
4125,23.0
4130,21.0
4135,28.0
4140,18.0
4145,20.0
4150,20.0
4155,22.0
4160,23.0
4165,15.0
4170,18.0
4175,20.0
4180,15.0
4185,17.0
4190,24.0
4195,20.0
4200,19.0
4205,21.0
4210,16.0
4215,22.0
4220,19.0
4225,14.0
4230,19.0
4235,21.0
4240,19.0
4245,22.0
4250,23.0
4255,23.0
4260,19.0
4265,19.0
4270,18.0
4275,18.0
4280,20.0
4285,20.0
4290,23.0
4295,22.0
4300,18.0
4305,17.0
4310,20.0
4315,21.0
4320,22.0
4325,20.0
4330,17.0
4335,24.0
4340,18.0
4345,19.0
4350,13.0
4355,17.0
4360,24.0
4365,18.0
4370,17.0
4375,21.0
4380,22.0
4385,24.0
4390,23.0
4395,23.0
4400,17.0
4405,19.0
4410,21.0
4415,22.0
4420,23.0
4425,15.0
4430,17.0
4435,19.0
4440,19.0
4445,16.0
4450,21.0
4455,16.0
4460,17.0
4465,25.0
4470,24.0
4475,17.0
4480,18.0
4485,17.0
4490,16.0
4495,22.0
4500,20.0
4505,20.0
4510,20.0
4515,15.0
4520,16.0
4525,23.0
4530,19.0
4535,17.0
4540,18.0
4545,20.0
4550,19.0
4555,19.0
4560,22.0
4565,19.0
4570,25.0
4575,23.0
4580,22.0
4585,22.0
4590,20.0
4595,25.0
4600,19.0
4605,23.0
4610,16.0
4615,26.0
4620,23.0
4625,18.0
4630,20.0
4635,20.0
4640,18.0
4645,15.0
4650,21.0
4655,12.0
4660,19.0
4665,23.0
4670,26.0
4675,28.0
4680,18.0
4685,21.0
4690,19.0
4695,27.0
4700,28.0
4705,26.0
4710,21.0
4715,19.0
4720,16.0
4725,15.0
4730,19.0
4735,14.0
4740,19.0
4745,22.0
4750,23.0
4755,25.0
4760,20.0
4765,17.0
4770,16.0
4775,18.0
4780,19.0
4785,17.0
4790,22.0
4795,24.0
4800,20.0
4805,16.0
4810,26.0
4815,20.0
4820,26.0
4825,24.0
4830,21.0
4835,20.0
4840,22.0
4845,20.0
4850,20.0
4855,19.0
4860,19.0
4865,18.0
4870,23.0
4875,19.0
4880,15.0
4885,18.0
4890,15.0
4895,21.0
4900,16.0
4905,17.0
4910,24.0
4915,19.0
4920,23.0
4925,22.0
4930,20.0
4935,26.0
4940,16.0
4945,16.0
4950,19.0
4955,20.0
4960,23.0
4965,22.0
4970,17.0
4975,18.0
4980,21.0
4985,13.0
4990,18.0
4995,17.0
5000,20.0
5005,26.0
5010,24.0
5015,17.0
5020,19.0
5025,21.0
5030,15.0
5035,17.0
5040,19.0
5045,20.0
5050,17.0
5055,22.0
5060,23.0
5065,24.0
5070,20.0
5075,20.0
5080,25.0
5085,24.0
5090,17.0
5095,21.0
5100,18.0
5105,24.0
5110,23.0
5115,24.0
5120,16.0
5125,21.0
5130,18.0
5135,26.0
5140,20.0
5145,24.0
5150,18.0
5155,22.0
5160,16.0
5165,22.0
5170,20.0
5175,19.0
5180,17.0
5185,21.0
5190,20.0
5195,22.0
5200,12.0
5205,23.0
5210,21.0
5215,18.0
5220,25.0
5225,15.0
5230,23.0
5235,23.0
5240,22.0
5245,24.0
5250,20.0
5255,20.0
5260,20.0
5265,16.0
5270,17.0
5275,20.0
5280,18.0
5285,20.0
5290,23.0
5295,22.0
5300,21.0
5305,17.0
5310,22.0
5315,23.0
5320,24.0
5325,21.0
5330,25.0
5335,17.0
5340,23.0
5345,21.0
5350,16.0
5355,19.0
5360,25.0
5365,18.0
5370,20.0
5375,26.0
5380,19.0
5385,16.0
5390,23.0
5395,22.0
5400,17.0
5405,25.0
5410,18.0
5415,22.0
5420,25.0
5425,23.0
5430,21.0
5435,19.0
5440,19.0
5445,20.0
5450,18.0
5455,24.0
5460,19.0
5465,15.0
5470,23.0
5475,21.0
5480,21.0
5485,24.0
5490,17.0
5495,18.0
5500,17.0
5505,15.0
5510,24.0
5515,21.0
5520,15.0
5525,16.0
5530,22.0
5535,19.0
5540,17.0
5545,22.0
5550,22.0
5555,14.0
5560,17.0
5565,20.0
5570,21.0
5575,27.0
5580,25.0
5585,13.0
5590,17.0
5595,19.0
5600,18.0
5605,22.0
5610,29.0
5615,19.0
5620,15.0
5625,22.0
5630,21.0
5635,13.0
5640,19.0
5645,20.0
5650,19.0
5655,27.0
5660,20.0
5665,22.0
5670,15.0
5675,21.0
5680,18.0
5685,19.0
5690,20.0
5695,21.0
5700,16.0
5705,18.0
5710,21.0
5715,22.0
5720,22.0
5725,15.0
5730,26.0
5735,19.0
5740,17.0
5745,20.0
5750,18.0
5755,22.0
5760,20.0
5765,19.0
5770,24.0
5775,18.0
5780,13.0
5785,15.0
5790,17.0
5795,20.0
5800,18.0
5805,16.0
5810,23.0
5815,17.0
5820,21.0
5825,19.0
5830,26.0
5835,21.0
5840,21.0
5845,21.0
5850,22.0
5855,22.0
5860,23.0
5865,15.0
5870,18.0
5875,16.0
5880,16.0
5885,26.0
5890,21.0
5895,16.0
5900,20.0
5905,20.0
5910,19.0
5915,25.0
5920,22.0
5925,18.0
5930,25.0
5935,21.0
5940,24.0
5945,14.0
5950,17.0
5955,20.0
5960,18.0
5965,19.0
5970,26.0
5975,19.0
5980,17.0
5985,23.0
5990,23.0
5995,20.0
6000,22.0
6005,16.0
6010,25.0
6015,24.0
6020,20.0
6025,23.0
6030,20.0
6035,19.0
6040,22.0
6045,20.0
6050,21.0
6055,18.0
6060,23.0
6065,24.0
6070,18.0
6075,23.0
6080,16.0
6085,23.0
6090,17.0
6095,21.0
6100,23.0
6105,22.0
6110,29.0
6115,27.0
6120,20.0
6125,25.0
6130,16.0
6135,19.0
6140,18.0
6145,18.0
6150,23.0
6155,22.0
6160,22.0
6165,21.0
6170,22.0
6175,22.0
6180,19.0
6185,20.0
6190,25.0
6195,20.0
6200,19.0
6205,21.0
6210,20.0
6215,21.0
6220,21.0
6225,21.0
6230,17.0
6235,18.0
6240,17.0
6245,24.0
6250,20.0
6255,18.0
6260,21.0
6265,16.0
6270,15.0
6275,20.0
6280,18.0
6285,20.0
6290,19.0
6295,20.0
6300,21.0
6305,20.0
6310,22.0
6315,23.0
6320,14.0
6325,22.0
6330,25.0
6335,17.0
6340,16.0
6345,20.0
6350,17.0
6355,20.0
6360,15.0
6365,27.0
6370,16.0
6375,17.0
6380,19.0
6385,19.0
6390,20.0
6395,19.0
6400,17.0
6405,18.0
6410,18.0
6415,28.0
6420,17.0
6425,24.0
6430,22.0
6435,18.0
6440,20.0
6445,19.0
6450,25.0
6455,22.0
6460,21.0
6465,18.0
6470,20.0
6475,22.0
6480,21.0
6485,19.0
6490,27.0
6495,19.0
6500,23.0
6505,22.0
6510,20.0
6515,17.0
6520,23.0
6525,14.0
6530,21.0
6535,19.0
6540,20.0
6545,13.0
6550,21.0
6555,25.0
6560,21.0
6565,26.0
6570,19.0
6575,20.0
6580,26.0
6585,25.0
6590,20.0
6595,19.0
6600,20.0
6605,19.0
6610,20.0
6615,16.0
6620,18.0
6625,21.0
6630,16.0
6635,19.0
6640,22.0
6645,20.0
6650,15.0
6655,19.0
6660,13.0
6665,15.0
6670,19.0
6675,18.0
6680,16.0
6685,27.0
6690,14.0
6695,20.0
6700,18.0
6705,17.0
6710,17.0
6715,20.0
6720,25.0
6725,20.0
6730,23.0
6735,24.0
6740,17.0
6745,24.0
6750,24.0
6755,22.0
6760,21.0
6765,15.0
6770,18.0
6775,18.0
6780,16.0
6785,18.0
6790,28.0
6795,15.0
6800,18.0
6805,21.0
6810,23.0
6815,16.0
6820,18.0
6825,17.0
6830,26.0
6835,18.0
6840,21.0
6845,22.0
6850,20.0
6855,18.0
6860,21.0
6865,21.0
6870,20.0
6875,23.0
6880,20.0
6885,18.0
6890,21.0
6895,20.0
6900,20.0
6905,27.0
6910,17.0
6915,19.0
6920,21.0
6925,25.0
6930,20.0
6935,20.0
6940,15.0
6945,20.0
6950,20.0
6955,21.0
6960,21.0
6965,18.0
6970,20.0
6975,17.0
6980,19.0
6985,18.0
6990,16.0
6995,24.0
7000,25.0
7005,19.0
7010,21.0
7015,24.0
7020,24.0
7025,21.0
7030,26.0
7035,18.0
7040,19.0
7045,16.0
7050,19.0
7055,22.0
7060,18.0
7065,17.0
7070,18.0
7075,20.0
7080,16.0
7085,24.0
7090,24.0
7095,15.0
7100,18.0
7105,24.0
7110,18.0
7115,21.0
7120,23.0
7125,29.0
7130,19.0
7135,19.0
7140,18.0
7145,20.0
7150,18.0
7155,24.0
7160,19.0
7165,17.0
7170,17.0
7175,21.0
7180,20.0
7185,25.0
7190,17.0
7195,25.0
7200,14.0
7205,25.0
7210,20.0
7215,20.0
7220,16.0
7225,18.0
7230,15.0
7235,20.0
7240,18.0
7245,19.0
7250,20.0
7255,21.0
7260,17.0
7265,23.0
7270,26.0
7275,23.0
7280,27.0
7285,21.0
7290,22.0
7295,24.0
7300,18.0
7305,25.0
7310,17.0
7315,20.0
7320,26.0
7325,20.0
7330,22.0
7335,17.0
7340,16.0
7345,23.0
7350,16.0
7355,16.0
7360,27.0
7365,23.0
7370,16.0
7375,16.0
7380,22.0
7385,27.0
7390,23.0
7395,25.0
7400,26.0
7405,15.0
7410,19.0
7415,18.0
7420,21.0
7425,23.0
7430,24.0
7435,22.0
7440,27.0
7445,21.0
7450,19.0
7455,18.0
7460,16.0
7465,25.0
7470,19.0
7475,22.0
7480,19.0
7485,26.0
7490,18.0
7495,17.0
7500,23.0
7505,22.0
7510,23.0
7515,18.0
7520,14.0
7525,18.0
7530,21.0
7535,18.0
7540,21.0
7545,22.0
7550,21.0
7555,23.0
7560,19.0
7565,22.0
7570,18.0
7575,20.0
7580,21.0
7585,23.0
7590,20.0
7595,22.0
7600,21.0
7605,16.0
7610,21.0
7615,17.0
7620,20.0
7625,21.0
7630,20.0
7635,19.0
7640,25.0
7645,19.0
7650,20.0
7655,16.0
7660,17.0
7665,20.0
7670,21.0
7675,22.0
7680,19.0
7685,15.0
7690,21.0
7695,17.0
7700,20.0
7705,20.0
7710,25.0
7715,17.0
7720,16.0
7725,20.0
7730,20.0
7735,20.0
7740,26.0
7745,28.0
7750,24.0
7755,23.0
7760,16.0
7765,19.0
7770,24.0
7775,18.0
7780,19.0
7785,15.0
7790,24.0
7795,20.0
7800,17.0
7805,20.0
7810,25.0
7815,19.0
7820,21.0
7825,25.0
7830,24.0
7835,21.0
7840,18.0
7845,16.0
7850,21.0
7855,19.0
7860,18.0
7865,27.0
7870,23.0
7875,21.0
7880,21.0
7885,19.0
7890,18.0
7895,22.0
7900,19.0
7905,18.0
7910,22.0
7915,18.0
7920,17.0
7925,19.0
7930,20.0
7935,25.0
7940,23.0
7945,18.0
7950,20.0
7955,18.0
7960,15.0
7965,17.0
7970,17.0
7975,18.0
7980,21.0
7985,20.0
7990,17.0
7995,21.0
8000,23.0
8005,22.0
8010,21.0
8015,21.0
8020,19.0
8025,14.0
8030,26.0
8035,23.0
8040,16.0
8045,19.0
8050,13.0
8055,19.0
8060,20.0
8065,15.0
8070,16.0
8075,24.0
8080,21.0
8085,20.0
8090,22.0
8095,15.0
8100,19.0
8105,21.0
8110,21.0
8115,22.0
8120,18.0
8125,26.0
8130,17.0
8135,28.0
8140,19.0
8145,24.0
8150,19.0
8155,16.0
8160,27.0
8165,18.0
8170,17.0
8175,19.0
8180,15.0
8185,21.0
8190,18.0
8195,19.0
8200,26.0
8205,16.0
8210,22.0
8215,24.0
8220,19.0
8225,20.0
8230,18.0
8235,24.0
8240,18.0
8245,21.0
8250,22.0
8255,20.0
8260,24.0
8265,19.0
8270,21.0
8275,22.0
8280,21.0
8285,19.0
8290,19.0
8295,22.0
8300,20.0
8305,20.0
8310,20.0
8315,18.0
8320,18.0
8325,18.0
8330,19.0
8335,21.0
8340,19.0
8345,29.0
8350,16.0
8355,21.0
8360,20.0
8365,21.0
8370,21.0
8375,17.0
8380,22.0
8385,22.0
8390,21.0
8395,24.0
8400,24.0
8405,17.0
8410,13.0
8415,18.0
8420,16.0
8425,21.0
8430,23.0
8435,20.0
8440,25.0
8445,18.0
8450,25.0
8455,14.0
8460,16.0
8465,15.0
8470,19.0
8475,17.0
8480,24.0
8485,26.0
8490,18.0
8495,15.0
8500,20.0
8505,22.0
8510,18.0
8515,18.0
8520,24.0
8525,22.0
8530,16.0
8535,19.0
8540,22.0
8545,27.0
8550,14.0
8555,18.0
8560,15.0
8565,19.0
8570,19.0
8575,19.0
8580,17.0
8585,15.0
8590,20.0
8595,22.0
8600,20.0
8605,21.0
8610,21.0
8615,19.0
8620,19.0
8625,20.0
8630,27.0
8635,23.0
8640,18.0
8645,21.0
8650,26.0
8655,18.0
8660,18.0
8665,17.0
8670,20.0
8675,26.0
8680,21.0
8685,21.0
8690,23.0
8695,21.0
8700,21.0
8705,22.0
8710,19.0
8715,18.0
8720,28.0
8725,24.0
8730,19.0
8735,28.0
8740,23.0
8745,19.0
8750,20.0
8755,21.0
8760,17.0
8765,18.0
8770,21.0
8775,21.0
8780,24.0
8785,17.0
8790,21.0
8795,26.0
8800,18.0
8805,19.0
8810,24.0
8815,21.0
8820,21.0
8825,20.0
8830,20.0
8835,20.0
8840,22.0
8845,18.0
8850,19.0
8855,24.0
8860,25.0
8865,22.0
8870,20.0
8875,21.0
8880,21.0
8885,19.0
8890,22.0
8895,23.0
8900,23.0
8905,22.0
8910,22.0
8915,19.0
8920,19.0
8925,27.0
8930,19.0
8935,17.0
8940,19.0
8945,18.0
8950,18.0
8955,17.0
8960,23.0
8965,27.0
8970,16.0
8975,25.0
8980,22.0
8985,17.0
8990,16.0
8995,20.0
9000,20.0
9005,21.0
9010,21.0
9015,20.0
9020,16.0
9025,19.0
9030,23.0
9035,20.0
9040,26.0
9045,21.0
9050,19.0
9055,18.0
9060,23.0
9065,25.0
9070,20.0
9075,22.0
9080,20.0
9085,18.0
9090,17.0
9095,20.0
9100,21.0
9105,21.0
9110,19.0
9115,21.0
9120,18.0
9125,15.0
9130,22.0
9135,19.0
9140,17.0
9145,16.0
9150,21.0
9155,19.0
9160,17.0
9165,22.0
9170,22.0
9175,19.0
9180,26.0
9185,16.0
9190,24.0
9195,23.0
9200,19.0
9205,15.0
9210,16.0
9215,26.0
9220,23.0
9225,21.0
9230,17.0
9235,22.0
9240,20.0
9245,19.0
9250,21.0
9255,18.0
9260,24.0
9265,15.0
9270,20.0
9275,18.0
9280,21.0
9285,16.0
9290,19.0
9295,18.0
9300,11.0
9305,24.0
9310,19.0
9315,22.0
9320,22.0
9325,18.0
9330,17.0
9335,17.0
9340,24.0
9345,21.0
9350,23.0
9355,15.0
9360,20.0
9365,16.0
9370,16.0
9375,17.0
9380,19.0
9385,18.0
9390,27.0
9395,18.0
9400,21.0
9405,16.0
9410,21.0
9415,17.0
9420,22.0
9425,20.0
9430,23.0
9435,28.0
9440,20.0
9445,19.0
9450,19.0
9455,18.0
9460,19.0
9465,18.0
9470,18.0
9475,21.0
9480,18.0
9485,14.0
9490,14.0
9495,16.0
9500,17.0
9505,17.0
9510,23.0
9515,23.0
9520,17.0
9525,19.0
9530,20.0
9535,27.0
9540,14.0
9545,24.0
9550,19.0
9555,23.0
9560,16.0
9565,22.0
9570,16.0
9575,19.0
9580,16.0
9585,19.0
9590,20.0
9595,22.0
9600,21.0
9605,20.0
9610,18.0
9615,24.0
9620,22.0
9625,20.0
9630,21.0
9635,20.0
9640,17.0
9645,20.0
9650,13.0
9655,23.0
9660,23.0
9665,22.0
9670,16.0
9675,21.0
9680,19.0
9685,18.0
9690,14.0
9695,24.0
9700,17.0
9705,21.0
9710,23.0
9715,21.0
9720,24.0
9725,13.0
9730,19.0
9735,21.0
9740,19.0
9745,18.0
9750,20.0
9755,21.0
9760,16.0
9765,26.0
9770,18.0
9775,18.0
9780,17.0
9785,17.0
9790,22.0
9795,20.0
9800,21.0
9805,22.0
9810,14.0
9815,22.0
9820,16.0
9825,20.0
9830,21.0
9835,19.0
9840,20.0
9845,20.0
9850,20.0
9855,22.0
9860,20.0
9865,21.0
9870,16.0
9875,26.0
9880,19.0
9885,17.0
9890,27.0
9895,21.0
9900,16.0
9905,16.0
9910,24.0
9915,25.0
9920,22.0
9925,19.0
9930,16.0
9935,21.0
9940,22.0
9945,17.0
9950,20.0
9955,18.0
9960,17.0
9965,24.0
9970,22.0
9975,20.0
9980,21.0
9985,20.0
9990,23.0
9995,22.0
10000,22.0
10005,18.0
10010,20.0
10015,15.0
10020,19.0
10025,20.0
10030,26.0
10035,22.0
10040,17.0
10045,22.0
10050,21.0
10055,23.0
10060,16.0
10065,19.0
10070,18.0
10075,19.0
10080,21.0
10085,21.0
10090,19.0
10095,20.0
10100,20.0
10105,23.0
10110,14.0
10115,15.0
10120,26.0
10125,15.0
10130,19.0
10135,25.0
10140,18.0
10145,23.0
10150,18.0
10155,21.0
10160,22.0
10165,25.0
10170,29.0
10175,17.0
10180,21.0
10185,28.0
10190,19.0
10195,18.0
10200,25.0
10205,19.0
10210,18.0
10215,18.0
10220,19.0
10225,22.0
10230,22.0
10235,24.0
10240,19.0
10245,22.0
10250,14.0
10255,25.0
10260,17.0
10265,17.0
10270,23.0
10275,17.0
10280,21.0
10285,21.0
10290,14.0
10295,21.0
10300,19.0
10305,21.0
10310,19.0
10315,20.0
10320,23.0
10325,15.0
10330,18.0
10335,22.0
10340,15.0
10345,20.0
10350,19.0
10355,17.0
10360,16.0
10365,26.0
10370,21.0
10375,25.0
10380,22.0
10385,21.0
10390,23.0
10395,15.0
10400,22.0
10405,23.0
10410,18.0
10415,20.0
10420,24.0
10425,20.0
10430,21.0
10435,19.0
10440,16.0
10445,19.0
10450,24.0
10455,27.0
10460,21.0
10465,27.0
10470,23.0
10475,24.0
10480,21.0
10485,16.0
10490,21.0
10495,22.0
10500,21.0
10505,18.0
10510,23.0
10515,25.0
10520,19.0
10525,22.0
10530,22.0
10535,22.0
10540,17.0
10545,21.0
10550,17.0
10555,17.0
10560,20.0
10565,24.0
10570,26.0
10575,19.0
10580,21.0
10585,16.0
10590,24.0
10595,15.0
10600,20.0
10605,20.0
10610,19.0
10615,18.0
10620,19.0
10625,23.0
10630,23.0
10635,19.0
10640,22.0
10645,22.0
10650,19.0
10655,20.0
10660,19.0
10665,23.0
10670,16.0
10675,17.0
10680,22.0
10685,17.0
10690,14.0
10695,21.0
10700,29.0
10705,18.0
10710,23.0
10715,19.0
10720,22.0
10725,20.0
10730,19.0
10735,22.0
10740,18.0
10745,21.0
10750,25.0
10755,21.0
10760,20.0
10765,18.0
10770,25.0
10775,12.0
10780,20.0
10785,15.0
10790,26.0
10795,15.0
10800,23.0
10805,20.0
10810,20.0
10815,19.0
10820,21.0
10825,16.0
10830,22.0
10835,16.0
10840,16.0
10845,20.0
10850,23.0
10855,25.0
10860,18.0
10865,23.0
10870,23.0
10875,17.0
10880,15.0
10885,23.0
10890,15.0
10895,19.0
10900,20.0
10905,17.0
10910,20.0
10915,18.0
10920,25.0
10925,21.0
10930,20.0
10935,22.0
10940,20.0
10945,25.0
10950,17.0
10955,13.0
10960,23.0
10965,17.0
10970,15.0
10975,15.0
10980,21.0
10985,14.0
10990,16.0
10995,21.0
11000,19.0
11005,19.0
11010,20.0
11015,23.0
11020,20.0
11025,24.0
11030,21.0
11035,24.0
11040,15.0
11045,17.0
11050,21.0
11055,24.0
11060,18.0
11065,14.0
11070,19.0
11075,25.0
11080,23.0
11085,20.0
11090,18.0
11095,24.0
11100,20.0
11105,24.0
11110,19.0
11115,20.0
11120,21.0
11125,21.0
11130,19.0
11135,23.0
11140,18.0
11145,20.0
11150,20.0
11155,22.0
11160,25.0
11165,21.0
11170,19.0
11175,17.0
11180,17.0
11185,25.0
11190,23.0
11195,23.0
11200,22.0
11205,25.0
11210,24.0
11215,19.0
11220,22.0
11225,23.0
11230,17.0
11235,19.0
11240,18.0
11245,19.0
11250,19.0
11255,19.0
11260,24.0
11265,25.0
11270,22.0
11275,15.0
11280,27.0
11285,22.0
11290,21.0
11295,24.0
11300,22.0
11305,20.0
11310,18.0
11315,20.0
11320,18.0
11325,16.0
11330,20.0
11335,22.0
11340,17.0
11345,23.0
11350,22.0
11355,19.0
11360,21.0
11365,22.0
11370,18.0
11375,22.0
11380,17.0
11385,17.0
11390,16.0
11395,13.0
11400,21.0
11405,18.0
11410,17.0
11415,18.0
11420,29.0
11425,24.0
11430,18.0
11435,20.0
11440,20.0
11445,24.0
11450,20.0
11455,20.0
11460,15.0
11465,18.0
11470,16.0
11475,23.0
11480,18.0
11485,19.0
11490,19.0
11495,17.0
11500,18.0
11505,20.0
11510,18.0
11515,18.0
11520,23.0
11525,22.0
11530,26.0
11535,22.0
11540,25.0
11545,22.0
11550,18.0
11555,23.0
11560,22.0
11565,15.0
11570,21.0
11575,19.0
11580,18.0
11585,17.0
11590,17.0
11595,20.0
11600,23.0
11605,19.0
11610,20.0
11615,20.0
11620,18.0
11625,14.0
11630,22.0
11635,18.0
11640,21.0
11645,20.0
11650,23.0
11655,19.0
11660,21.0
11665,20.0
11670,25.0
11675,21.0
11680,18.0
11685,13.0
11690,18.0
11695,17.0
11700,20.0
11705,21.0
11710,25.0
11715,19.0
11720,17.0
11725,21.0
11730,16.0
11735,14.0
11740,25.0
11745,18.0
11750,17.0
11755,19.0
11760,19.0
11765,18.0
11770,18.0
11775,21.0
11780,14.0
11785,17.0
11790,23.0
11795,21.0
11800,21.0
11805,16.0
11810,17.0
11815,25.0
11820,16.0
11825,17.0
11830,17.0
11835,16.0
11840,23.0
11845,20.0
11850,15.0
11855,24.0
11860,21.0
11865,16.0
11870,16.0
11875,19.0
11880,24.0
11885,17.0
11890,16.0
11895,25.0
11900,16.0
11905,15.0
11910,18.0
11915,19.0
11920,20.0
11925,15.0
11930,21.0
11935,19.0
11940,24.0
11945,15.0
11950,22.0
11955,23.0
11960,16.0
11965,23.0
11970,23.0
11975,18.0
11980,24.0
11985,23.0
11990,27.0
11995,20.0
12000,17.0
12005,22.0
12010,25.0
12015,18.0
12020,19.0
12025,18.0
12030,19.0
12035,20.0
12040,20.0
12045,23.0
12050,16.0
12055,14.0
12060,22.0
12065,21.0
12070,17.0
12075,20.0
12080,18.0
12085,20.0
12090,23.0
12095,23.0
12100,22.0
12105,24.0
12110,15.0
12115,20.0
12120,23.0
12125,20.0
12130,19.0
12135,20.0
12140,20.0
12145,24.0
12150,19.0
12155,21.0
12160,17.0
12165,22.0
12170,26.0
12175,17.0
12180,20.0
12185,15.0
12190,19.0
12195,20.0
12200,19.0
12205,22.0
12210,19.0
12215,19.0
12220,21.0
12225,26.0
12230,21.0
12235,25.0
12240,26.0
12245,20.0
12250,15.0
12255,21.0
12260,20.0
12265,20.0
12270,26.0
12275,17.0
12280,21.0
12285,22.0
12290,17.0
12295,29.0
12300,18.0
12305,24.0
12310,22.0
12315,20.0
12320,22.0
12325,20.0
12330,19.0
12335,18.0
12340,15.0
12345,23.0
12350,24.0
12355,19.0
12360,24.0
12365,20.0
12370,17.0
12375,21.0
12380,19.0
12385,27.0
12390,19.0
12395,16.0
12400,17.0
12405,19.0
12410,18.0
12415,24.0
12420,23.0
12425,24.0
12430,24.0
12435,16.0
12440,17.0
12445,24.0
12450,15.0
12455,25.0
12460,23.0
12465,21.0
12470,16.0
12475,20.0
12480,14.0
12485,23.0
12490,21.0
12495,17.0
12500,23.0
12505,24.0
12510,22.0
12515,17.0
12520,18.0
12525,22.0
12530,18.0
12535,21.0
12540,22.0
12545,22.0
12550,22.0
12555,16.0
12560,18.0
12565,20.0
12570,22.0
12575,22.0
12580,19.0
12585,22.0
12590,19.0
12595,18.0
12600,25.0
12605,16.0
12610,20.0
12615,21.0
12620,16.0
12625,21.0
12630,20.0
12635,18.0
12640,22.0
12645,22.0
12650,18.0
12655,22.0
12660,19.0
12665,21.0
12670,22.0
12675,20.0
12680,17.0
12685,17.0
12690,18.0
12695,26.0
12700,17.0
12705,20.0
12710,18.0
12715,18.0
12720,19.0
12725,21.0
12730,26.0
12735,21.0
12740,16.0
12745,20.0
12750,22.0
12755,23.0
12760,18.0
12765,16.0
12770,25.0
12775,19.0
12780,21.0
12785,16.0
12790,25.0
12795,27.0
12800,21.0
12805,21.0
12810,19.0
12815,18.0
12820,21.0
12825,17.0
12830,22.0
12835,17.0
12840,20.0
12845,18.0
12850,21.0
12855,26.0
12860,19.0
12865,21.0
12870,24.0
12875,21.0
12880,18.0
12885,25.0
12890,19.0
12895,20.0
12900,17.0
12905,21.0
12910,24.0
12915,22.0
12920,14.0
12925,19.0
12930,13.0
12935,19.0
12940,20.0
12945,20.0
12950,17.0
12955,18.0
12960,20.0
12965,22.0
12970,19.0
12975,23.0
12980,17.0
12985,20.0
12990,16.0
12995,15.0
13000,19.0
13005,22.0
13010,18.0
13015,23.0
13020,21.0
13025,19.0
13030,21.0
13035,20.0
13040,20.0
13045,23.0
13050,18.0
13055,25.0
13060,19.0
13065,21.0
13070,16.0
13075,14.0
13080,21.0
13085,19.0
13090,25.0
13095,15.0
13100,21.0
13105,20.0
13110,15.0
13115,23.0
13120,19.0
13125,18.0
13130,16.0
13135,23.0
13140,13.0
13145,18.0
13150,22.0
13155,16.0
13160,19.0
13165,19.0
13170,24.0
13175,21.0
13180,14.0
13185,24.0
13190,15.0
13195,19.0
13200,20.0
13205,17.0
13210,14.0
13215,23.0
13220,19.0
13225,25.0
13230,19.0
13235,19.0
13240,16.0
13245,18.0
13250,18.0
13255,24.0
13260,16.0
13265,20.0
13270,21.0
13275,22.0
13280,22.0
13285,24.0
13290,20.0
13295,29.0
13300,21.0
13305,21.0
13310,20.0
13315,22.0
13320,22.0
13325,27.0
13330,21.0
13335,23.0
13340,20.0
13345,20.0
13350,17.0
13355,18.0
13360,22.0
13365,18.0
13370,19.0
13375,18.0
13380,25.0
13385,17.0
13390,21.0
13395,22.0
13400,20.0
13405,20.0
13410,21.0
13415,20.0
13420,23.0
13425,19.0
13430,22.0
13435,21.0
13440,18.0
13445,13.0
13450,18.0
13455,17.0
13460,17.0
13465,22.0
13470,23.0
13475,20.0
13480,18.0
13485,20.0
13490,21.0
13495,22.0
13500,12.0
13505,21.0
13510,25.0
13515,19.0
13520,22.0
13525,20.0
13530,18.0
13535,13.0
13540,19.0
13545,19.0
13550,18.0
13555,19.0
13560,23.0
13565,14.0
13570,15.0
13575,25.0
13580,20.0
13585,25.0
13590,22.0
13595,23.0
13600,17.0
13605,16.0
13610,19.0
13615,18.0
13620,24.0
13625,22.0
13630,20.0
13635,22.0
13640,20.0
13645,24.0
13650,22.0
13655,24.0
13660,25.0
13665,17.0
13670,17.0
13675,26.0
13680,21.0
13685,25.0
13690,18.0
13695,18.0
13700,17.0
13705,20.0
13710,23.0
13715,16.0
13720,22.0
13725,22.0
13730,26.0
13735,29.0
13740,17.0
13745,16.0
13750,18.0
13755,24.0
13760,19.0
13765,15.0
13770,14.0
13775,19.0
13780,16.0
13785,18.0
13790,20.0
13795,19.0
13800,17.0
13805,16.0
13810,15.0
13815,17.0
13820,19.0
13825,15.0
13830,19.0
13835,23.0
13840,22.0
13845,18.0
13850,22.0
13855,23.0
13860,15.0
13865,18.0
13870,20.0
13875,20.0
13880,20.0
13885,23.0
13890,19.0
13895,18.0
13900,21.0
13905,20.0
13910,23.0
13915,20.0
13920,22.0
13925,20.0
13930,15.0
13935,21.0
13940,24.0
13945,18.0
13950,21.0
13955,25.0
13960,18.0
13965,18.0
13970,22.0
13975,18.0
13980,22.0
13985,22.0
13990,24.0
13995,20.0
14000,20.0
14005,18.0
14010,22.0
14015,18.0
14020,29.0
14025,19.0
14030,17.0
14035,19.0
14040,17.0
14045,18.0
14050,18.0
14055,16.0
14060,18.0
14065,26.0
14070,22.0
14075,18.0
14080,20.0
14085,18.0
14090,21.0
14095,17.0
14100,20.0
14105,21.0
14110,20.0
14115,23.0
14120,18.0
14125,23.0
14130,14.0
14135,24.0
14140,24.0
14145,20.0
14150,16.0
14155,21.0
14160,15.0
14165,20.0
14170,19.0
14175,19.0
14180,21.0
14185,20.0
14190,18.0
14195,24.0
14200,22.0
14205,20.0
14210,21.0
14215,23.0
14220,18.0
14225,19.0
14230,19.0
14235,17.0
14240,22.0
14245,17.0
14250,19.0
14255,31.0
14260,24.0
14265,18.0
14270,19.0
14275,24.0
14280,21.0
14285,23.0
14290,18.0
14295,19.0
14300,20.0
14305,16.0
14310,23.0
14315,20.0
14320,16.0
14325,21.0
14330,19.0
14335,24.0
14340,19.0
14345,22.0
14350,13.0
14355,18.0
14360,19.0
14365,19.0
14370,19.0
14375,19.0
14380,17.0
14385,22.0
14390,18.0
14395,19.0
14400,21.0
14405,20.0
14410,23.0
14415,19.0
14420,18.0
14425,14.0
14430,21.0
14435,18.0
14440,15.0
14445,15.0
14450,18.0
14455,19.0
14460,17.0
14465,26.0
14470,19.0
14475,19.0
14480,18.0
14485,18.0
14490,16.0
14495,23.0
14500,23.0
14505,22.0
14510,18.0
14515,19.0
14520,20.0
14525,21.0
14530,20.0
14535,25.0
14540,16.0
14545,19.0
14550,19.0
14555,16.0
14560,20.0
14565,21.0
14570,20.0
14575,20.0
14580,21.0
14585,25.0
14590,17.0
14595,20.0
14600,20.0
14605,22.0
14610,22.0
14615,20.0
14620,19.0
14625,21.0
14630,21.0
14635,19.0
14640,26.0
14645,24.0
14650,20.0
14655,16.0
14660,17.0
14665,20.0
14670,19.0
14675,23.0
14680,19.0
14685,18.0
14690,19.0
14695,18.0
14700,18.0
14705,22.0
14710,24.0
14715,22.0
14720,21.0
14725,23.0
14730,19.0
14735,20.0
14740,22.0
14745,22.0
14750,25.0
14755,20.0
14760,18.0
14765,27.0
14770,18.0
14775,21.0
14780,17.0
14785,14.0
14790,24.0
14795,16.0
14800,15.0
14805,17.0
14810,20.0
14815,21.0
14820,23.0
14825,21.0
14830,25.0
14835,19.0
14840,22.0
14845,17.0
14850,20.0
14855,22.0
14860,17.0
14865,20.0
14870,22.0
14875,22.0
14880,15.0
14885,20.0
14890,27.0
14895,21.0
14900,14.0
14905,18.0
14910,17.0
14915,16.0
14920,17.0
14925,19.0
14930,19.0
14935,20.0
14940,16.0
14945,20.0
14950,18.0
14955,19.0
14960,21.0
14965,20.0
14970,15.0
14975,24.0
14980,17.0
14985,24.0
14990,17.0
14995,17.0
15000,21.0
15005,24.0
15010,21.0
15015,24.0
15020,19.0
15025,21.0
15030,20.0
15035,24.0
15040,14.0
15045,20.0
15050,21.0
15055,15.0
15060,18.0
15065,19.0
15070,23.0
15075,19.0
15080,13.0
15085,12.0
15090,23.0
15095,19.0
15100,22.0
15105,19.0
15110,16.0
15115,16.0
15120,19.0
15125,23.0
15130,19.0
15135,19.0
15140,21.0
15145,22.0
15150,20.0
15155,18.0
15160,18.0
15165,18.0
15170,18.0
15175,21.0
15180,16.0
15185,13.0
15190,21.0
15195,20.0
15200,22.0
15205,24.0
15210,18.0
15215,19.0
15220,20.0
15225,20.0
15230,18.0
15235,23.0
15240,22.0
15245,19.0
15250,22.0
15255,19.0
15260,21.0
15265,17.0
15270,17.0
15275,21.0
15280,29.0
15285,20.0
15290,27.0
15295,18.0
15300,21.0
15305,17.0
15310,17.0
15315,19.0
15320,18.0
15325,17.0
15330,15.0
15335,20.0
15340,18.0
15345,22.0
15350,17.0
15355,18.0
15360,19.0
15365,20.0
15370,19.0
15375,18.0
15380,20.0
15385,17.0
15390,18.0
15395,20.0
15400,23.0
15405,22.0
15410,26.0
15415,19.0
15420,25.0
15425,24.0
15430,20.0
15435,22.0
15440,20.0
15445,18.0
15450,21.0
15455,18.0
15460,20.0
15465,16.0
15470,26.0
15475,22.0
15480,15.0
15485,24.0
15490,24.0
15495,21.0
15500,18.0
15505,18.0
15510,20.0
15515,21.0
15520,22.0
15525,14.0
15530,20.0
15535,17.0
15540,22.0
15545,24.0
15550,24.0
15555,18.0
15560,23.0
15565,20.0
15570,20.0
15575,16.0
15580,20.0
15585,24.0
15590,16.0
15595,21.0
15600,17.0
15605,23.0
15610,18.0
15615,13.0
15620,12.0
15625,24.0
15630,21.0
15635,25.0
15640,19.0
15645,20.0
15650,20.0
15655,17.0
15660,17.0
15665,19.0
15670,23.0
15675,18.0
15680,20.0
15685,17.0
15690,24.0
15695,19.0
15700,25.0
15705,21.0
15710,21.0
15715,13.0
15720,25.0
15725,22.0
15730,19.0
15735,16.0
15740,24.0
15745,17.0
15750,14.0
15755,18.0
15760,17.0
15765,17.0
15770,17.0
15775,19.0
15780,18.0
15785,12.0
15790,23.0
15795,25.0
15800,14.0
15805,22.0
15810,26.0
15815,21.0
15820,23.0
15825,21.0
15830,23.0
15835,19.0
15840,14.0
15845,19.0
15850,22.0
15855,14.0
15860,19.0
15865,16.0
15870,16.0
15875,19.0
15880,20.0
15885,20.0
15890,18.0
15895,21.0
15900,27.0
15905,21.0
15910,24.0
15915,22.0
15920,26.0
15925,21.0
15930,19.0
15935,14.0
15940,21.0
15945,18.0
15950,23.0
15955,19.0
15960,19.0
15965,21.0
15970,20.0
15975,20.0
15980,19.0
15985,24.0
15990,18.0
15995,23.0
16000,15.0
16005,16.0
16010,14.0
16015,25.0
16020,19.0
16025,20.0
16030,17.0
16035,22.0
16040,19.0
16045,17.0
16050,18.0
16055,18.0
16060,21.0
16065,23.0
16070,27.0
16075,21.0
16080,23.0
16085,26.0
16090,16.0
16095,23.0
16100,24.0
16105,21.0
16110,24.0
16115,19.0
16120,17.0
16125,20.0
16130,18.0
16135,20.0
16140,19.0
16145,22.0
16150,17.0
16155,20.0
16160,20.0
16165,20.0
16170,23.0
16175,23.0
16180,13.0
16185,23.0
16190,22.0
16195,17.0
16200,18.0
16205,17.0
16210,16.0
16215,15.0
16220,28.0
16225,15.0
16230,18.0
16235,26.0
16240,13.0
16245,19.0
16250,22.0
16255,19.0
16260,25.0
16265,26.0
16270,19.0
16275,19.0
16280,20.0
16285,20.0
16290,14.0
16295,21.0
16300,16.0
16305,22.0
16310,14.0
16315,16.0
16320,21.0
16325,17.0
16330,21.0
16335,22.0
16340,21.0
16345,18.0
16350,17.0
16355,18.0
16360,18.0
16365,17.0
16370,22.0
16375,15.0
16380,21.0
16385,19.0
16390,19.0
16395,27.0
16400,22.0
16405,21.0
16410,23.0
16415,19.0
16420,18.0
16425,19.0
16430,19.0
16435,17.0
16440,16.0
16445,20.0
16450,21.0
16455,23.0
16460,15.0
16465,20.0
16470,22.0
16475,18.0
16480,23.0
16485,20.0
16490,24.0
16495,20.0
16500,15.0
16505,18.0
16510,17.0
16515,17.0
16520,18.0
16525,22.0
16530,20.0
16535,24.0
16540,22.0
16545,18.0
16550,21.0
16555,22.0
16560,23.0
16565,19.0
16570,22.0
16575,22.0
16580,18.0
16585,20.0
16590,18.0
16595,18.0
16600,18.0
16605,13.0
16610,23.0
16615,19.0
16620,22.0
16625,15.0
16630,19.0
16635,16.0
16640,21.0
16645,17.0
16650,19.0
16655,24.0
16660,23.0
16665,20.0
16670,19.0
16675,22.0
16680,19.0
16685,24.0
16690,18.0
16695,17.0
16700,18.0
16705,15.0
16710,24.0
16715,15.0
16720,18.0
16725,14.0
16730,20.0
16735,22.0
16740,17.0
16745,17.0
16750,21.0
16755,19.0
16760,18.0
16765,22.0
16770,23.0
16775,20.0
16780,20.0
16785,25.0
16790,20.0
16795,15.0
16800,16.0
16805,22.0
16810,24.0
16815,21.0
16820,15.0
16825,18.0
16830,21.0
16835,18.0
16840,20.0
16845,20.0
16850,22.0
16855,22.0
16860,19.0
16865,17.0
16870,21.0
16875,19.0
16880,21.0
16885,20.0
16890,17.0
16895,22.0
16900,20.0
16905,21.0
16910,13.0
16915,17.0
16920,15.0
16925,19.0
16930,13.0
16935,22.0
16940,19.0
16945,21.0
16950,19.0
16955,21.0
16960,21.0
16965,20.0
16970,22.0
16975,23.0
16980,20.0
16985,25.0
16990,28.0
16995,19.0
17000,18.0
17005,17.0
17010,19.0
17015,20.0
17020,17.0
17025,19.0
17030,22.0
17035,19.0
17040,18.0
17045,15.0
17050,18.0
17055,20.0
17060,20.0
17065,21.0
17070,19.0
17075,27.0
17080,14.0
17085,24.0
17090,15.0
17095,25.0
17100,18.0
17105,19.0
17110,19.0
17115,20.0
17120,19.0
17125,17.0
17130,19.0
17135,17.0
17140,20.0
17145,20.0
17150,20.0
17155,21.0
17160,22.0
17165,18.0
17170,20.0
17175,21.0
17180,18.0
17185,19.0
17190,20.0
17195,16.0
17200,19.0
17205,22.0
17210,21.0
17215,23.0
17220,14.0
17225,23.0
17230,20.0
17235,17.0
17240,18.0
17245,23.0
17250,26.0
17255,24.0
17260,18.0
17265,20.0
17270,18.0
17275,18.0
17280,20.0
17285,19.0
17290,22.0
17295,17.0
17300,23.0
17305,20.0
17310,16.0
17315,20.0
17320,14.0
17325,23.0
17330,16.0
17335,20.0
17340,17.0
17345,22.0
17350,22.0
17355,18.0
17360,15.0
17365,25.0
17370,19.0
17375,23.0
17380,21.0
17385,24.0
17390,19.0
17395,20.0
17400,15.0
17405,18.0
17410,20.0
17415,23.0
17420,22.0
17425,21.0
17430,16.0
17435,27.0
17440,21.0
17445,19.0
17450,16.0
17455,22.0
17460,20.0
17465,21.0
17470,19.0
17475,14.0
17480,22.0
17485,21.0
17490,20.0
17495,22.0
17500,19.0
17505,16.0
17510,12.0
17515,19.0
17520,18.0
17525,31.0
17530,24.0
17535,18.0
17540,20.0
17545,20.0
17550,20.0
17555,19.0
17560,23.0
17565,22.0
17570,21.0
17575,16.0
17580,22.0
17585,20.0
17590,19.0
17595,18.0
17600,16.0
17605,24.0
17610,20.0
17615,17.0
17620,24.0
17625,16.0
17630,18.0
17635,24.0
17640,13.0
17645,20.0
17650,21.0
17655,20.0
17660,18.0
17665,20.0
17670,18.0
17675,21.0
17680,22.0
17685,20.0
17690,18.0
17695,22.0
17700,27.0
17705,16.0
17710,17.0
17715,15.0
17720,20.0
17725,20.0
17730,22.0
17735,21.0
17740,21.0
17745,21.0
17750,20.0
17755,19.0
17760,24.0
17765,27.0
17770,23.0
17775,22.0
17780,16.0
17785,16.0
17790,16.0
17795,16.0
17800,21.0
17805,22.0
17810,18.0
17815,25.0
17820,17.0
17825,26.0
17830,23.0
17835,22.0
17840,14.0
17845,19.0
17850,23.0
17855,14.0
17860,16.0
17865,16.0
17870,20.0
17875,22.0
17880,21.0
17885,22.0
17890,22.0
17895,18.0
17900,24.0
17905,26.0
17910,22.0
17915,18.0
17920,18.0
17925,23.0
17930,18.0
17935,13.0
17940,22.0
17945,15.0
17950,18.0
17955,21.0
17960,18.0
17965,16.0
17970,16.0
17975,16.0
17980,22.0
17985,24.0
17990,21.0
17995,24.0
18000,22.0
18005,17.0
18010,21.0
18015,15.0
18020,21.0
18025,24.0
18030,20.0
18035,21.0
18040,16.0
18045,20.0
18050,21.0
18055,15.0
18060,21.0
18065,19.0
18070,23.0
18075,24.0
18080,23.0
18085,20.0
18090,22.0
18095,19.0
18100,22.0
18105,17.0
18110,17.0
18115,19.0
18120,22.0
18125,18.0
18130,17.0
18135,22.0
18140,19.0
18145,23.0
18150,21.0
18155,24.0
18160,19.0
18165,24.0
18170,24.0
18175,17.0
18180,19.0
18185,22.0
18190,23.0
18195,16.0
18200,21.0
18205,17.0
18210,21.0
18215,19.0
18220,18.0
18225,19.0
18230,16.0
18235,14.0
18240,15.0
18245,22.0
18250,25.0
18255,22.0
18260,24.0
18265,17.0
18270,17.0
18275,19.0
18280,21.0
18285,22.0
18290,17.0
18295,22.0
18300,20.0
18305,21.0
18310,16.0
18315,21.0
18320,19.0
18325,20.0
18330,20.0
18335,17.0
18340,25.0
18345,21.0
18350,22.0
18355,18.0
18360,19.0
18365,16.0
18370,16.0
18375,17.0
18380,20.0
18385,26.0
18390,16.0
18395,22.0
18400,24.0
18405,19.0
18410,17.0
18415,21.0
18420,22.0
18425,20.0
18430,19.0
18435,17.0
18440,20.0
18445,20.0
18450,23.0
18455,20.0
18460,18.0
18465,20.0
18470,17.0
18475,20.0
18480,17.0
18485,23.0
18490,21.0
18495,19.0
18500,19.0
18505,20.0
18510,20.0
18515,20.0
18520,19.0
18525,16.0
18530,22.0
18535,24.0
18540,18.0
18545,20.0
18550,25.0
18555,25.0
18560,24.0
18565,21.0
18570,21.0
18575,19.0
18580,21.0
18585,21.0
18590,17.0
18595,22.0
18600,18.0
18605,25.0
18610,17.0
18615,15.0
18620,24.0
18625,11.0
18630,17.0
18635,20.0
18640,24.0
18645,24.0
18650,18.0
18655,17.0
18660,23.0
18665,21.0
18670,17.0
18675,26.0
18680,20.0
18685,21.0
18690,20.0
18695,26.0
18700,21.0
18705,25.0
18710,15.0
18715,15.0
18720,17.0
18725,19.0
18730,22.0
18735,24.0
18740,19.0
18745,17.0
18750,19.0
18755,17.0
18760,19.0
18765,23.0
18770,19.0
18775,16.0
18780,18.0
18785,21.0
18790,20.0
18795,18.0
18800,19.0
18805,26.0
18810,20.0
18815,18.0
18820,20.0
18825,25.0
18830,15.0
18835,22.0
18840,23.0
18845,13.0
18850,18.0
18855,20.0
18860,20.0
18865,18.0
18870,14.0
18875,20.0
18880,22.0
18885,20.0
18890,18.0
18895,17.0
18900,23.0
18905,19.0
18910,16.0
18915,22.0
18920,15.0
18925,24.0
18930,27.0
18935,25.0
18940,18.0
18945,24.0
18950,18.0
18955,16.0
18960,18.0
18965,23.0
18970,23.0
18975,17.0
18980,17.0
18985,18.0
18990,17.0
18995,17.0
19000,26.0
19005,22.0
19010,18.0
19015,18.0
19020,18.0
19025,17.0
19030,22.0
19035,28.0
19040,23.0
19045,15.0
19050,20.0
19055,23.0
19060,15.0
19065,21.0
19070,10.0
19075,27.0
19080,16.0
19085,24.0
19090,19.0
19095,20.0
19100,23.0
19105,19.0
19110,22.0
19115,18.0
19120,18.0
19125,18.0
19130,23.0
19135,23.0
19140,17.0
19145,24.0
19150,20.0
19155,17.0
19160,21.0
19165,17.0
19170,19.0
19175,15.0
19180,18.0
19185,18.0
19190,13.0
19195,20.0
19200,17.0
19205,23.0
19210,24.0
19215,19.0
19220,23.0
19225,22.0
19230,18.0
19235,20.0
19240,20.0
19245,21.0
19250,17.0
19255,15.0
19260,16.0
19265,19.0
19270,22.0
19275,17.0
19280,20.0
19285,20.0
19290,17.0
19295,21.0
19300,20.0
19305,20.0
19310,21.0
19315,20.0
19320,16.0
19325,24.0
19330,21.0
19335,19.0
19340,28.0
19345,18.0
19350,20.0
19355,16.0
19360,20.0
19365,21.0
19370,24.0
19375,21.0
19380,24.0
19385,17.0
19390,19.0
19395,16.0
19400,19.0
19405,27.0
19410,23.0
19415,24.0
19420,24.0
19425,16.0
19430,13.0
19435,24.0
19440,16.0
19445,27.0
19450,20.0
19455,22.0
19460,22.0
19465,23.0
19470,17.0
19475,18.0
19480,25.0
19485,22.0
19490,19.0
19495,17.0
19500,19.0
19505,20.0
19510,17.0
19515,27.0
19520,19.0
19525,19.0
19530,17.0
19535,17.0
19540,22.0
19545,19.0
19550,16.0
19555,16.0
19560,23.0
19565,20.0
19570,20.0
19575,21.0
19580,16.0
19585,19.0
19590,19.0
19595,18.0
19600,17.0
19605,19.0
19610,25.0
19615,22.0
19620,22.0
19625,22.0
19630,24.0
19635,22.0
19640,19.0
19645,19.0
19650,24.0
19655,21.0
19660,21.0
19665,17.0
19670,25.0
19675,20.0
19680,20.0
19685,17.0
19690,19.0
19695,18.0
19700,26.0
19705,20.0
19710,20.0
19715,16.0
19720,18.0
19725,20.0
19730,29.0
19735,21.0
19740,20.0
19745,21.0
19750,15.0
19755,20.0
19760,23.0
19765,22.0
19770,18.0
19775,20.0
19780,21.0
19785,24.0
19790,21.0
19795,17.0
19800,23.0
19805,23.0
19810,22.0
19815,18.0
19820,18.0
19825,19.0
19830,17.0
19835,22.0
19840,18.0
19845,17.0
19850,18.0
19855,21.0
19860,16.0
19865,16.0
19870,16.0
19875,25.0
19880,18.0
19885,16.0
19890,16.0
19895,20.0
19900,25.0
19905,19.0
19910,19.0
19915,23.0
19920,21.0
19925,21.0
19930,21.0
19935,20.0
19940,21.0
19945,21.0
19950,16.0
19955,20.0
19960,22.0
19965,19.0
19970,19.0
19975,18.0
19980,18.0
19985,22.0
19990,17.0
19995,19.0
20000,20.0
20005,24.0
20010,20.0
20015,18.0
20020,20.0
20025,19.0
20030,16.0
20035,16.0
20040,16.0
20045,17.0
20050,19.0
20055,25.0
20060,16.0
20065,20.0
20070,26.0
20075,20.0
20080,21.0
20085,23.0
20090,17.0
20095,25.0
20100,21.0
20105,20.0
20110,24.0
20115,24.0
20120,25.0
20125,22.0
20130,21.0
20135,21.0
20140,18.0
20145,21.0
20150,15.0
20155,25.0
20160,22.0
20165,19.0
20170,20.0
20175,22.0
20180,18.0
20185,21.0
20190,21.0
20195,25.0
20200,20.0
20205,18.0
20210,19.0
20215,17.0
20220,17.0
20225,17.0
20230,20.0
20235,22.0
20240,19.0
20245,25.0
20250,22.0
20255,23.0
20260,22.0
20265,23.0
20270,16.0
20275,20.0
20280,17.0
20285,20.0
20290,17.0
20295,17.0
20300,21.0
20305,16.0
20310,21.0
20315,21.0
20320,16.0
20325,17.0
20330,22.0
20335,18.0
20340,31.0
20345,21.0
20350,18.0
20355,18.0
20360,22.0
20365,19.0
20370,18.0
20375,21.0
20380,18.0
20385,18.0
20390,26.0
20395,17.0
20400,22.0
20405,20.0
20410,20.0
20415,17.0
20420,19.0
20425,20.0
20430,24.0
20435,22.0
20440,16.0
20445,24.0
20450,22.0
20455,18.0
20460,20.0
20465,21.0
20470,16.0
20475,24.0
20480,23.0
20485,16.0
20490,22.0
20495,20.0
20500,19.0
20505,19.0
20510,15.0
20515,17.0
20520,18.0
20525,21.0
20530,16.0
20535,19.0
20540,18.0
20545,20.0
20550,20.0
20555,17.0
20560,18.0
20565,18.0
20570,15.0
20575,20.0
20580,17.0
20585,19.0
20590,21.0
20595,23.0
20600,23.0
20605,17.0
20610,25.0
20615,24.0
20620,27.0
20625,17.0
20630,21.0
20635,21.0
20640,20.0
20645,19.0
20650,17.0
20655,21.0
20660,18.0
20665,21.0
20670,18.0
20675,22.0
20680,22.0
20685,19.0
20690,19.0
20695,16.0
20700,20.0
20705,18.0
20710,19.0
20715,21.0
20720,22.0
20725,20.0
20730,17.0
20735,19.0
20740,21.0
20745,19.0
20750,22.0
20755,17.0
20760,21.0
20765,22.0
20770,14.0
20775,22.0
20780,20.0
20785,23.0
20790,19.0
20795,18.0
20800,18.0
20805,19.0
20810,18.0
20815,18.0
20820,21.0
20825,19.0
20830,19.0
20835,19.0
20840,22.0
20845,15.0
20850,16.0
20855,16.0
20860,21.0
20865,16.0
20870,24.0
20875,18.0
20880,22.0
20885,18.0
20890,19.0
20895,16.0
20900,24.0
20905,24.0
20910,20.0
20915,20.0
20920,19.0
20925,25.0
20930,18.0
20935,17.0
20940,21.0
20945,20.0
20950,17.0
20955,16.0
20960,18.0
20965,14.0
20970,20.0
20975,17.0
20980,22.0
20985,21.0
20990,16.0
20995,18.0
21000,20.0
21005,23.0
21010,21.0
21015,20.0
21020,23.0
21025,18.0
21030,28.0
21035,17.0
21040,18.0
21045,17.0
21050,17.0
21055,18.0
21060,22.0
21065,17.0
21070,15.0
21075,21.0
21080,18.0
21085,18.0
21090,17.0
21095,15.0
21100,16.0
21105,21.0
21110,27.0
21115,19.0
21120,21.0
21125,16.0
21130,22.0
21135,21.0
21140,20.0
21145,14.0
21150,16.0
21155,17.0
21160,15.0
21165,22.0
21170,26.0
21175,17.0
21180,22.0
21185,22.0
21190,22.0
21195,19.0
21200,21.0
21205,24.0
21210,18.0
21215,14.0
21220,20.0
21225,20.0
21230,17.0
21235,19.0
21240,21.0
21245,24.0
21250,20.0
21255,24.0
21260,20.0
21265,16.0
21270,17.0
21275,17.0
21280,20.0
21285,19.0
21290,20.0
21295,18.0
21300,22.0
21305,22.0
21310,22.0
21315,16.0
21320,18.0
21325,20.0
21330,14.0
21335,21.0
21340,21.0
21345,15.0
21350,22.0
21355,16.0
21360,21.0
21365,18.0
21370,21.0
21375,19.0
21380,21.0
21385,14.0
21390,22.0
21395,17.0
21400,16.0
21405,19.0
21410,20.0
21415,19.0
21420,19.0
21425,14.0
21430,20.0
21435,19.0
21440,18.0
21445,26.0
21450,19.0
21455,22.0
21460,18.0
21465,21.0
21470,24.0
21475,22.0
21480,19.0
21485,21.0
21490,20.0
21495,17.0
21500,23.0
21505,19.0
21510,24.0
21515,22.0
21520,20.0
21525,16.0
21530,23.0
21535,17.0
21540,19.0
21545,17.0
21550,15.0
21555,23.0
21560,23.0
21565,21.0
21570,19.0
21575,21.0
21580,20.0
21585,17.0
21590,21.0
21595,23.0
21600,15.0
21605,20.0
21610,25.0
21615,21.0
21620,19.0
21625,23.0
21630,23.0
21635,25.0
21640,27.0
21645,27.0
21650,34.0
21655,22.0
21660,29.0
21665,22.0
21670,25.0
21675,34.0
21680,40.0
21685,35.0
21690,29.0
21695,34.0
21700,34.0
21705,42.0
21710,42.0
21715,37.0
21720,50.0
21725,46.0
21730,52.0
21735,58.0
21740,64.0
21745,62.0
21750,63.0
21755,74.0
21760,83.0
21765,89.0
21770,93.0
21775,102.0
21780,107.0
21785,115.0
21790,126.0
21795,130.0
21800,150.0
21805,154.0
21810,168.0
21815,180.0
21820,190.0
21825,196.0
21830,212.0
21835,228.0
21840,239.0
21845,256.0
21850,273.0
21855,284.0
21860,302.0
21865,322.0
21870,337.0
21875,362.0
21880,373.0
21885,396.0
21890,417.0
21895,433.0
21900,445.0
21905,482.0
21910,493.0
21915,512.0
21920,540.0
21925,568.0
21930,581.0
21935,601.0
21940,626.0
21945,643.0
21950,673.0
21955,681.0
21960,712.0
21965,740.0
21970,759.0
21975,775.0
21980,794.0
21985,816.0
21990,835.0
21995,849.0
22000,875.0
22005,899.0
22010,916.0
22015,940.0
22020,959.0
22025,956.0
22030,995.0
22035,1014.0
22040,1024.0
22045,1041.0
22050,1059.0
22055,1067.0
22060,1090.0
22065,1095.0
22070,1109.0
22075,1121.0
22080,1133.0
22085,1148.0
22090,1159.0
22095,1171.0
22100,1179.0
22105,1170.0
22110,1187.0
22115,1186.0
22120,1187.0
22125,1196.0
22130,1197.0
22135,1192.0
22140,1199.0
22145,1189.0
22150,1187.0
22155,1168.0
22160,1169.0
22165,1151.0
22170,1132.0
22175,1127.0
22180,1107.0
22185,1090.0
22190,1070.0
22195,1051.0
22200,1035.0
22205,1011.0
22210,982.0
22215,967.0
22220,933.0
22225,911.0
22230,885.0
22235,864.0
22240,832.0
22245,804.0
22250,776.0
22255,742.0
22260,712.0
22265,683.0
22270,652.0
22275,629.0
22280,592.0
22285,568.0
22290,542.0
22295,522.0
22300,488.0
22305,458.0
22310,432.0
22315,414.0
22320,387.0
22325,362.0
22330,336.0
22335,318.0
22340,299.0
22345,283.0
22350,256.0
22355,247.0
22360,227.0
22365,210.0
22370,192.0
22375,182.0
22380,168.0
22385,155.0
22390,146.0
22395,134.0
22400,120.0
22405,108.0
22410,103.0
22415,95.0
22420,88.0
22425,85.0
22430,77.0
22435,67.0
22440,62.0
22445,63.0
22450,53.0
22455,50.0
22460,51.0
22465,43.0
22470,51.0
22475,37.0
22480,32.0
22485,32.0
22490,34.0
22495,28.0
22500,29.0
22505,26.0
22510,24.0
22515,29.0
22520,23.0
22525,20.0
22530,28.0
22535,23.0
22540,27.0
22545,29.0
22550,17.0
22555,15.0
22560,22.0
22565,26.0
22570,26.0
22575,18.0
22580,19.0
22585,19.0
22590,25.0
22595,20.0
22600,20.0
22605,16.0
22610,20.0
22615,20.0
22620,20.0
22625,16.0
22630,19.0
22635,27.0
22640,14.0
22645,19.0
22650,22.0
22655,20.0
22660,19.0
22665,21.0
22670,21.0
22675,21.0
22680,16.0
22685,22.0
22690,23.0
22695,15.0
22700,16.0
22705,14.0
22710,16.0
22715,17.0
22720,13.0
22725,17.0
22730,21.0
22735,20.0
22740,18.0
22745,20.0
22750,22.0
22755,17.0
22760,24.0
22765,19.0
22770,19.0
22775,20.0
22780,15.0
22785,15.0
22790,20.0
22795,22.0
22800,22.0
22805,22.0
22810,14.0
22815,23.0
22820,18.0
22825,19.0
22830,19.0
22835,24.0
22840,20.0
22845,20.0
22850,24.0
22855,18.0
22860,18.0
22865,24.0
22870,21.0
22875,15.0
22880,25.0
22885,19.0
22890,17.0
22895,21.0
22900,22.0
22905,25.0
22910,27.0
22915,18.0
22920,18.0
22925,21.0
22930,20.0
22935,20.0
22940,23.0
22945,16.0
22950,18.0
22955,15.0
22960,17.0
22965,18.0
22970,21.0
22975,23.0
22980,23.0
22985,22.0
22990,24.0
22995,18.0
23000,16.0
23005,23.0
23010,28.0
23015,20.0
23020,20.0
23025,19.0
23030,16.0
23035,19.0
23040,22.0
23045,21.0
23050,20.0
23055,19.0
23060,19.0
23065,19.0
23070,20.0
23075,22.0
23080,19.0
23085,21.0
23090,18.0
23095,22.0
23100,25.0
23105,18.0
23110,22.0
23115,19.0
23120,18.0
23125,20.0
23130,23.0
23135,19.0
23140,19.0
23145,19.0
23150,16.0
23155,22.0
23160,21.0
23165,22.0
23170,24.0
23175,18.0
23180,20.0
23185,17.0
23190,17.0
23195,14.0
23200,18.0
23205,19.0
23210,20.0
23215,17.0
23220,22.0
23225,22.0
23230,22.0
23235,20.0
23240,19.0
23245,23.0
23250,20.0
23255,27.0
23260,17.0
23265,20.0
23270,21.0
23275,17.0
23280,16.0
23285,18.0
23290,16.0
23295,18.0
23300,24.0
23305,21.0
23310,24.0
23315,18.0
23320,22.0
23325,13.0
23330,23.0
23335,19.0
23340,20.0
23345,20.0
23350,21.0
23355,16.0
23360,19.0
23365,14.0
23370,25.0
23375,20.0
23380,18.0
23385,18.0
23390,25.0
23395,25.0
23400,16.0
23405,21.0
23410,22.0
23415,22.0
23420,21.0
23425,15.0
23430,28.0
23435,20.0
23440,22.0
23445,19.0
23450,18.0
23455,23.0
23460,21.0
23465,22.0
23470,21.0
23475,17.0
23480,17.0
23485,21.0
23490,21.0
23495,17.0
23500,22.0
23505,19.0
23510,22.0
23515,29.0
23520,18.0
23525,23.0
23530,19.0
23535,17.0
23540,20.0
23545,21.0
23550,19.0
23555,22.0
23560,20.0
23565,24.0
23570,16.0
23575,20.0
23580,18.0
23585,19.0
23590,22.0
23595,20.0
23600,21.0
23605,17.0
23610,18.0
23615,17.0
23620,19.0
23625,20.0
23630,21.0
23635,22.0
23640,24.0
23645,20.0
23650,14.0
23655,21.0
23660,19.0
23665,24.0
23670,19.0
23675,19.0
23680,23.0
23685,19.0
23690,21.0
23695,21.0
23700,21.0
23705,20.0
23710,19.0
23715,21.0
23720,18.0
23725,16.0
23730,18.0
23735,24.0
23740,20.0
23745,15.0
23750,20.0
23755,20.0
23760,12.0
23765,21.0
23770,19.0
23775,20.0
23780,16.0
23785,19.0
23790,19.0
23795,26.0
23800,20.0
23805,24.0
23810,15.0
23815,21.0
23820,17.0
23825,18.0
23830,20.0
23835,17.0
23840,20.0
23845,20.0
23850,17.0
23855,19.0
23860,24.0
23865,20.0
23870,17.0
23875,21.0
23880,22.0
23885,27.0
23890,16.0
23895,18.0
23900,15.0
23905,26.0
23910,18.0
23915,17.0
23920,20.0
23925,18.0
23930,24.0
23935,23.0
23940,16.0
23945,17.0
23950,22.0
23955,17.0
23960,22.0
23965,18.0
23970,19.0
23975,24.0
23980,20.0
23985,20.0
23990,16.0
23995,19.0
24000,18.0
24005,18.0
24010,22.0
24015,16.0
24020,20.0
24025,13.0
24030,22.0
24035,21.0
24040,22.0
24045,20.0
24050,24.0
24055,28.0
24060,21.0
24065,21.0
24070,17.0
24075,20.0
24080,23.0
24085,17.0
24090,17.0
24095,18.0
24100,17.0
24105,19.0
24110,23.0
24115,16.0
24120,25.0
24125,21.0
24130,22.0
24135,23.0
24140,20.0
24145,17.0
24150,21.0
24155,17.0
24160,23.0
24165,21.0
24170,18.0
24175,24.0
24180,18.0
24185,22.0
24190,21.0
24195,23.0
24200,22.0
24205,17.0
24210,20.0
24215,17.0
24220,14.0
24225,14.0
24230,16.0
24235,19.0
24240,24.0
24245,17.0
24250,27.0
24255,17.0
24260,18.0
24265,21.0
24270,14.0
24275,22.0
24280,25.0
24285,17.0
24290,22.0
24295,26.0
24300,16.0
24305,16.0
24310,19.0
24315,20.0
24320,22.0
24325,26.0
24330,17.0
24335,18.0
24340,16.0
24345,17.0
24350,17.0
24355,12.0
24360,22.0
24365,23.0
24370,19.0
24375,18.0
24380,23.0
24385,23.0
24390,18.0
24395,23.0
24400,15.0
24405,16.0
24410,18.0
24415,25.0
24420,21.0
24425,17.0
24430,21.0
24435,19.0
24440,20.0
24445,29.0
24450,19.0
24455,26.0
24460,22.0
24465,17.0
24470,22.0
24475,18.0
24480,18.0
24485,19.0
24490,24.0
24495,27.0
24500,18.0
24505,22.0
24510,22.0
24515,26.0
24520,17.0
24525,26.0
24530,19.0
24535,20.0
24540,28.0
24545,25.0
24550,27.0
24555,19.0
24560,17.0
24565,20.0
24570,21.0
24575,24.0
24580,25.0
24585,21.0
24590,20.0
24595,26.0
24600,27.0
24605,27.0
24610,31.0
24615,30.0
24620,32.0
24625,31.0
24630,33.0
24635,34.0
24640,38.0
24645,34.0
24650,35.0
24655,38.0
24660,38.0
24665,40.0
24670,45.0
24675,48.0
24680,49.0
24685,52.0
24690,55.0
24695,59.0
24700,58.0
24705,64.0
24710,67.0
24715,75.0
24720,73.0
24725,73.0
24730,81.0
24735,83.0
24740,91.0
24745,97.0
24750,95.0
24755,100.0
24760,105.0
24765,108.0
24770,113.0
24775,120.0
24780,122.0
24785,128.0
24790,137.0
24795,148.0
24800,150.0
24805,153.0
24810,159.0
24815,162.0
24820,167.0
24825,170.0
24830,176.0
24835,183.0
24840,184.0
24845,190.0
24850,192.0
24855,200.0
24860,204.0
24865,212.0
24870,212.0
24875,218.0
24880,214.0
24885,226.0
24890,220.0
24895,222.0
24900,232.0
24905,227.0
24910,233.0
24915,242.0
24920,236.0
24925,236.0
24930,239.0
24935,240.0
24940,239.0
24945,232.0
24950,237.0
24955,238.0
24960,236.0
24965,232.0
24970,229.0
24975,221.0
24980,224.0
24985,223.0
24990,218.0
24995,211.0
25000,212.0
25005,205.0
25010,198.0
25015,192.0
25020,193.0
25025,187.0
25030,182.0
25035,177.0
25040,167.0
25045,168.0
25050,158.0
25055,158.0
25060,159.0
25065,145.0
25070,146.0
25075,139.0
25080,131.0
25085,121.0
25090,121.0
25095,119.0
25100,109.0
25105,106.0
25110,109.0
25115,97.0
25120,94.0
25125,89.0
25130,87.0
25135,80.0
25140,76.0
25145,71.0
25150,71.0
25155,70.0
25160,73.0
25165,58.0
25170,64.0
25175,53.0
25180,53.0
25185,55.0
25190,47.0
25195,51.0
25200,50.0
25205,51.0
25210,45.0
25215,47.0
25220,41.0
25225,42.0
25230,40.0
25235,37.0
25240,42.0
25245,41.0
25250,44.0
25255,38.0
25260,39.0
25265,40.0
25270,46.0
25275,38.0
25280,44.0
25285,36.0
25290,40.0
25295,41.0
25300,45.0
25305,43.0
25310,44.0
25315,45.0
25320,38.0
25325,49.0
25330,53.0
25335,44.0
25340,43.0
25345,47.0
25350,48.0
25355,51.0
25360,50.0
25365,47.0
25370,53.0
25375,53.0
25380,61.0
25385,54.0
25390,57.0
25395,58.0
25400,60.0
25405,63.0
25410,60.0
25415,59.0
25420,57.0
25425,62.0
25430,56.0
25435,64.0
25440,63.0
25445,59.0
25450,65.0
25455,62.0
25460,65.0
25465,61.0
25470,58.0
25475,60.0
25480,55.0
25485,69.0
25490,59.0
25495,62.0
25500,61.0
25505,59.0
25510,60.0
25515,55.0
25520,60.0
25525,53.0
25530,56.0
25535,57.0
25540,57.0
25545,54.0
25550,57.0
25555,56.0
25560,50.0
25565,46.0
25570,47.0
25575,55.0
25580,44.0
25585,45.0
25590,44.0
25595,41.0
25600,42.0
25605,43.0
25610,39.0
25615,44.0
25620,42.0
25625,39.0
25630,45.0
25635,38.0
25640,36.0
25645,38.0
25650,37.0
25655,35.0
25660,32.0
25665,33.0
25670,32.0
25675,29.0
25680,33.0
25685,30.0
25690,29.0
25695,26.0
25700,30.0
25705,22.0
25710,20.0
25715,25.0
25720,30.0
25725,22.0
25730,27.0
25735,25.0
25740,24.0
25745,26.0
25750,21.0
25755,25.0
25760,24.0
25765,27.0
25770,25.0
25775,20.0
25780,27.0
25785,22.0
25790,20.0
25795,21.0
25800,25.0
25805,19.0
25810,26.0
25815,19.0
25820,22.0
25825,22.0
25830,22.0
25835,22.0
25840,24.0
25845,20.0
25850,20.0
25855,19.0
25860,19.0
25865,19.0
25870,17.0
25875,22.0
25880,23.0
25885,26.0
25890,18.0
25895,16.0
25900,26.0
25905,18.0
25910,21.0
25915,25.0
25920,20.0
25925,20.0
25930,19.0
25935,22.0
25940,21.0
25945,19.0
25950,20.0
25955,16.0
25960,28.0
25965,16.0
25970,20.0
25975,17.0
25980,22.0
25985,28.0
25990,19.0
25995,26.0
26000,16.0
26005,19.0
26010,18.0
26015,20.0
26020,20.0
26025,23.0
26030,22.0
26035,16.0
26040,16.0
26045,19.0
26050,18.0
26055,20.0
26060,20.0
26065,19.0
26070,15.0
26075,22.0
26080,19.0
26085,19.0
26090,20.0
26095,21.0
26100,26.0
26105,23.0
26110,19.0
26115,15.0
26120,21.0
26125,18.0
26130,20.0
26135,21.0
26140,22.0
26145,13.0
26150,20.0
26155,17.0
26160,19.0
26165,23.0
26170,17.0
26175,18.0
26180,18.0
26185,21.0
26190,20.0
26195,21.0
26200,18.0
26205,18.0
26210,19.0
26215,19.0
26220,25.0
26225,24.0
26230,14.0
26235,21.0
26240,20.0
26245,15.0
26250,16.0
26255,24.0
26260,15.0
26265,19.0
26270,18.0
26275,18.0
26280,21.0
26285,19.0
26290,21.0
26295,19.0
26300,23.0
26305,14.0
26310,17.0
26315,16.0
26320,19.0
26325,20.0
26330,20.0
26335,18.0
26340,21.0
26345,22.0
26350,20.0
26355,19.0
26360,18.0
26365,17.0
26370,20.0
26375,24.0
26380,23.0
26385,23.0
26390,24.0
26395,22.0
26400,16.0
26405,19.0
26410,16.0
26415,26.0
26420,20.0
26425,19.0
26430,14.0
26435,15.0
26440,20.0
26445,22.0
26450,22.0
26455,18.0
26460,20.0
26465,19.0
26470,17.0
26475,14.0
26480,21.0
26485,27.0
26490,27.0
26495,22.0
26500,23.0
26505,18.0
26510,20.0
26515,17.0
26520,22.0
26525,22.0
26530,21.0
26535,21.0
26540,22.0
26545,18.0
26550,19.0
26555,26.0
26560,27.0
26565,18.0
26570,22.0
26575,19.0
26580,23.0
26585,25.0
26590,16.0
26595,20.0
26600,13.0
26605,13.0
26610,21.0
26615,23.0
26620,21.0
26625,16.0
26630,23.0
26635,21.0
26640,25.0
26645,18.0
26650,21.0
26655,22.0
26660,19.0
26665,22.0
26670,19.0
26675,16.0
26680,27.0
26685,22.0
26690,22.0
26695,22.0
26700,22.0
26705,19.0
26710,20.0
26715,20.0
26720,23.0
26725,22.0
26730,20.0
26735,24.0
26740,12.0
26745,22.0
26750,17.0
26755,18.0
26760,21.0
26765,21.0
26770,19.0
26775,16.0
26780,29.0
26785,20.0
26790,20.0
26795,20.0
26800,23.0
26805,24.0
26810,17.0
26815,27.0
26820,19.0
26825,22.0
26830,23.0
26835,21.0
26840,20.0
26845,32.0
26850,23.0
26855,27.0
26860,22.0
26865,12.0
26870,17.0
26875,27.0
26880,20.0
26885,22.0
26890,20.0
26895,18.0
26900,21.0
26905,23.0
26910,20.0
26915,21.0
26920,23.0
26925,22.0
26930,20.0
26935,16.0
26940,24.0
26945,19.0
26950,21.0
26955,21.0
26960,25.0
26965,19.0
26970,24.0
26975,17.0
26980,20.0
26985,19.0
26990,24.0
26995,17.0
27000,20.0
27005,20.0
27010,18.0
27015,23.0
27020,22.0
27025,21.0
27030,21.0
27035,16.0
27040,20.0
27045,21.0
27050,20.0
27055,22.0
27060,17.0
27065,22.0
27070,21.0
27075,18.0
27080,18.0
27085,24.0
27090,15.0
27095,20.0
27100,23.0
27105,19.0
27110,20.0
27115,23.0
27120,16.0
27125,18.0
27130,18.0
27135,24.0
27140,19.0
27145,22.0
27150,22.0
27155,21.0
27160,23.0
27165,19.0
27170,20.0
27175,15.0
27180,17.0
27185,20.0
27190,17.0
27195,18.0
27200,15.0
27205,22.0
27210,22.0
27215,25.0
27220,20.0
27225,26.0
27230,20.0
27235,21.0
27240,19.0
27245,15.0
27250,22.0
27255,26.0
27260,23.0
27265,20.0
27270,21.0
27275,15.0
27280,26.0
27285,16.0
27290,19.0
27295,17.0
27300,17.0
27305,24.0
27310,18.0
27315,17.0
27320,21.0
27325,20.0
27330,23.0
27335,18.0
27340,23.0
27345,20.0
27350,20.0
27355,22.0
27360,22.0
27365,20.0
27370,18.0
27375,18.0
27380,19.0
27385,20.0
27390,18.0
27395,23.0
27400,19.0
27405,20.0
27410,18.0
27415,19.0
27420,24.0
27425,23.0
27430,20.0
27435,20.0
27440,18.0
27445,23.0
27450,17.0
27455,23.0
27460,20.0
27465,18.0
27470,16.0
27475,24.0
27480,19.0
27485,21.0
27490,23.0
27495,17.0
27500,19.0
27505,22.0
27510,20.0
27515,20.0
27520,17.0
27525,19.0
27530,17.0
27535,19.0
27540,25.0
27545,19.0
27550,20.0
27555,17.0
27560,15.0
27565,18.0
27570,19.0
27575,17.0
27580,25.0
27585,18.0
27590,15.0
27595,17.0
27600,19.0
27605,24.0
27610,24.0
27615,25.0
27620,21.0
27625,19.0
27630,24.0
27635,24.0
27640,22.0
27645,22.0
27650,20.0
27655,18.0
27660,21.0
27665,19.0
27670,13.0
27675,18.0
27680,14.0
27685,17.0
27690,21.0
27695,18.0
27700,19.0
27705,20.0
27710,18.0
27715,26.0
27720,23.0
27725,17.0
27730,23.0
27735,23.0
27740,17.0
27745,18.0
27750,21.0
27755,18.0
27760,19.0
27765,22.0
27770,17.0
27775,23.0
27780,21.0
27785,24.0
27790,17.0
27795,20.0
27800,18.0
27805,17.0
27810,23.0
27815,17.0
27820,22.0
27825,21.0
27830,14.0
27835,19.0
27840,19.0
27845,20.0
27850,23.0
27855,22.0
27860,20.0
27865,18.0
27870,18.0
27875,23.0
27880,20.0
27885,15.0
27890,17.0
27895,18.0
27900,20.0
27905,15.0
27910,18.0
27915,18.0
27920,20.0
27925,20.0
27930,16.0
27935,18.0
27940,19.0
27945,19.0
27950,15.0
27955,13.0
27960,19.0
27965,20.0
27970,16.0
27975,24.0
27980,17.0
27985,22.0
27990,22.0
27995,19.0
28000,24.0
28005,23.0
28010,19.0
28015,17.0
28020,20.0
28025,22.0
28030,21.0
28035,23.0
28040,19.0
28045,19.0
28050,27.0
28055,13.0
28060,19.0
28065,25.0
28070,16.0
28075,15.0
28080,22.0
28085,16.0
28090,17.0
28095,18.0
28100,15.0
28105,18.0
28110,18.0
28115,22.0
28120,17.0
28125,27.0
28130,20.0
28135,20.0
28140,26.0
28145,23.0
28150,20.0
28155,19.0
28160,21.0
28165,20.0
28170,21.0
28175,18.0
28180,23.0
28185,28.0
28190,18.0
28195,20.0
28200,17.0
28205,19.0
28210,23.0
28215,20.0
28220,16.0
28225,18.0
28230,12.0
28235,24.0
28240,15.0
28245,23.0
28250,18.0
28255,17.0
28260,17.0
28265,22.0
28270,17.0
28275,20.0
28280,14.0
28285,22.0
28290,20.0
28295,22.0
28300,17.0
28305,21.0
28310,24.0
28315,21.0
28320,23.0
28325,14.0
28330,21.0
28335,21.0
28340,22.0
28345,21.0
28350,19.0
28355,25.0
28360,19.0
28365,24.0
28370,17.0
28375,17.0
28380,15.0
28385,24.0
28390,19.0
28395,19.0
28400,19.0
28405,21.0
28410,18.0
28415,18.0
28420,16.0
28425,16.0
28430,22.0
28435,25.0
28440,20.0
28445,18.0
28450,19.0
28455,22.0
28460,19.0
28465,16.0
28470,20.0
28475,19.0
28480,25.0
28485,21.0
28490,21.0
28495,19.0
28500,19.0
28505,23.0
28510,18.0
28515,20.0
28520,18.0
28525,20.0
28530,19.0
28535,17.0
28540,21.0
28545,17.0
28550,26.0
28555,24.0
28560,24.0
28565,17.0
28570,15.0
28575,21.0
28580,23.0
28585,16.0
28590,20.0
28595,23.0
28600,25.0
28605,22.0
28610,21.0
28615,21.0
28620,26.0
28625,16.0
28630,16.0
28635,16.0
28640,19.0
28645,21.0
28650,17.0
28655,21.0
28660,22.0
28665,15.0
28670,16.0
28675,23.0
28680,16.0
28685,24.0
28690,22.0
28695,25.0
28700,26.0
28705,17.0
28710,21.0
28715,18.0
28720,21.0
28725,24.0
28730,24.0
28735,19.0
28740,21.0
28745,20.0
28750,18.0
28755,16.0
28760,24.0
28765,20.0
28770,14.0
28775,23.0
28780,16.0
28785,15.0
28790,18.0
28795,23.0
28800,27.0
28805,25.0
28810,18.0
28815,19.0
28820,16.0
28825,19.0
28830,26.0
28835,21.0
28840,23.0
28845,21.0
28850,23.0
28855,15.0
28860,19.0
28865,20.0
28870,17.0
28875,16.0
28880,19.0
28885,16.0
28890,19.0
28895,17.0
28900,16.0
28905,17.0
28910,22.0
28915,26.0
28920,17.0
28925,24.0
28930,18.0
28935,21.0
28940,19.0
28945,18.0
28950,20.0
28955,16.0
28960,22.0
28965,24.0
28970,22.0
28975,19.0
28980,17.0
28985,15.0
28990,20.0
28995,19.0
29000,21.0
29005,26.0
29010,28.0
29015,28.0
29020,17.0
29025,23.0
29030,16.0
29035,22.0
29040,20.0
29045,16.0
29050,22.0
29055,17.0
29060,22.0
29065,18.0
29070,21.0
29075,16.0
29080,21.0
29085,21.0
29090,20.0
29095,19.0
29100,18.0
29105,19.0
29110,24.0
29115,16.0
29120,16.0
29125,24.0
29130,18.0
29135,16.0
29140,22.0
29145,19.0
29150,23.0
29155,20.0
29160,23.0
29165,18.0
29170,15.0
29175,20.0
29180,18.0
29185,21.0
29190,23.0
29195,18.0
29200,23.0
29205,14.0
29210,17.0
29215,21.0
29220,19.0
29225,21.0
29230,18.0
29235,19.0
29240,20.0
29245,18.0
29250,15.0
29255,22.0
29260,19.0
29265,19.0
29270,27.0
29275,22.0
29280,19.0
29285,18.0
29290,18.0
29295,20.0
29300,16.0
29305,16.0
29310,15.0
29315,18.0
29320,17.0
29325,19.0
29330,21.0
29335,20.0
29340,25.0
29345,19.0
29350,23.0
29355,18.0
29360,16.0
29365,20.0
29370,22.0
29375,25.0
29380,20.0
29385,19.0
29390,24.0
29395,23.0
29400,22.0
29405,22.0
29410,17.0
29415,16.0
29420,18.0
29425,29.0
29430,16.0
29435,17.0
29440,22.0
29445,20.0
29450,21.0
29455,20.0
29460,21.0
29465,16.0
29470,18.0
29475,24.0
29480,16.0
29485,18.0
29490,20.0
29495,21.0
29500,17.0
29505,24.0
29510,13.0
29515,18.0
29520,23.0
29525,20.0
29530,19.0
29535,28.0
29540,23.0
29545,20.0
29550,15.0
29555,19.0
29560,21.0
29565,30.0
29570,22.0
29575,26.0
29580,18.0
29585,17.0
29590,16.0
29595,16.0
29600,24.0
29605,16.0
29610,20.0
29615,19.0
29620,15.0
29625,21.0
29630,20.0
29635,32.0
29640,22.0
29645,17.0
29650,25.0
29655,30.0
29660,19.0
29665,24.0
29670,21.0
29675,23.0
29680,19.0
29685,20.0
29690,17.0
29695,14.0
29700,23.0
29705,22.0
29710,20.0
29715,23.0
29720,20.0
29725,13.0
29730,18.0
29735,18.0
29740,19.0
29745,21.0
29750,17.0
29755,18.0
29760,18.0
29765,18.0
29770,23.0
29775,18.0
29780,23.0
29785,27.0
29790,20.0
29795,13.0
29800,18.0
29805,23.0
29810,19.0
29815,20.0
29820,21.0
29825,18.0
29830,16.0
29835,16.0
29840,16.0
29845,18.0
29850,15.0
29855,16.0
29860,26.0
29865,24.0
29870,16.0
29875,21.0
29880,20.0
29885,24.0
29890,23.0
29895,14.0
29900,21.0
29905,19.0
29910,24.0
29915,22.0
29920,16.0
29925,24.0
29930,24.0
29935,17.0
29940,18.0
29945,16.0
29950,21.0
29955,23.0
29960,22.0
29965,16.0
29970,16.0
29975,19.0
29980,21.0
29985,15.0
29990,13.0
29995,20.0
